job_id,deadline_hours,arrival_time,expiration_date,CI_at_schedule,status,execution_CI,execution_time,CI_reduction,hours_to_deadline
job_48h_0,48,2024-08-20 17:00:00,2024-08-22 17:00:00,456.67,executed_late,488.5,2024-08-22 17:00:00,-31.829999999999984,0.0
job_48h_1,48,2024-05-12 19:00:00,2024-05-14 19:00:00,356.28,executed_low_CI,334.01,2024-05-12 22:00:00,22.269999999999982,45.0
job_48h_2,48,2024-12-06 22:00:00,2024-12-08 22:00:00,576.63,executed_low_CI,459.0,2024-12-07 16:00:00,117.63,30.0
job_48h_3,48,2024-11-14 23:00:00,2024-11-16 23:00:00,609.29,executed_benefit,447.89,2024-11-16 21:00:00,161.39999999999998,2.0
job_48h_4,48,2024-10-04 13:00:00,2024-10-06 13:00:00,658.41,executed_benefit,446.36,2024-10-04 16:00:00,212.04999999999995,45.0
job_48h_5,48,2024-04-28 00:00:00,2024-04-30 00:00:00,382.84,executed_low_CI,291.18,2024-04-28 16:00:00,91.65999999999997,32.0
job_48h_6,48,2024-04-06 11:00:00,2024-04-08 11:00:00,487.01,executed_low_CI,298.02,2024-04-06 17:00:00,188.99,42.0
job_48h_7,48,2024-04-23 11:00:00,2024-04-25 11:00:00,653.97,executed_benefit,382.58,2024-04-23 17:00:00,271.39000000000004,42.0
job_48h_8,48,2024-08-02 03:00:00,2024-08-04 03:00:00,700.8,executed_benefit,618.03,2024-08-02 20:00:00,82.76999999999998,31.0
job_48h_9,48,2024-02-05 07:00:00,2024-02-07 07:00:00,676.89,executed_benefit,517.55,2024-02-05 21:00:00,159.34000000000003,34.0
job_48h_10,48,2024-03-31 22:00:00,2024-04-02 22:00:00,348.13,executed_low_CI,319.49,2024-04-02 16:00:00,28.639999999999986,6.0
job_48h_11,48,2024-02-13 15:00:00,2024-02-15 15:00:00,519.08,executed_late,594.72,2024-02-15 15:00:00,-75.63999999999999,0.0
job_48h_12,48,2024-06-26 19:00:00,2024-06-28 19:00:00,507.5,executed_low_CI,338.28,2024-06-27 14:00:00,169.22000000000003,29.0
job_48h_13,48,2024-02-23 22:00:00,2024-02-25 22:00:00,423.6,executed_low_CI,394.44,2024-02-24 16:00:00,29.160000000000025,30.0
job_48h_14,48,2024-11-16 19:00:00,2024-11-18 19:00:00,444.59,executed_low_CI,359.04,2024-11-17 16:00:00,85.54999999999995,27.0
job_48h_15,48,2024-11-10 14:00:00,2024-11-12 14:00:00,551.87,executed_low_CI,372.34,2024-11-10 16:00:00,179.53000000000003,46.0
job_48h_16,48,2024-08-21 11:00:00,2024-08-23 11:00:00,694.93,executed_benefit,394.11,2024-08-21 17:00:00,300.81999999999994,42.0
job_48h_17,48,2024-12-16 08:00:00,2024-12-18 08:00:00,530.16,executed_benefit,467.18,2024-12-16 17:00:00,62.97999999999996,39.0
job_48h_18,48,2024-09-14 23:00:00,2024-09-16 23:00:00,421.87,executed_late,517.01,2024-09-16 23:00:00,-95.13999999999999,0.0
job_48h_19,48,2024-03-30 03:00:00,2024-04-01 03:00:00,626.06,executed_benefit,374.34,2024-03-30 20:00:00,251.71999999999997,31.0
job_48h_20,48,2024-01-19 07:00:00,2024-01-21 07:00:00,682.06,executed_benefit,637.54,2024-01-20 06:00:00,44.51999999999998,25.0
job_48h_21,48,2024-01-29 05:00:00,2024-01-31 05:00:00,549.84,executed_benefit,459.1,2024-01-30 18:00:00,90.74000000000001,11.0
job_48h_22,48,2024-02-16 11:00:00,2024-02-18 11:00:00,667.14,executed_benefit,551.2,2024-02-16 19:00:00,115.93999999999994,40.0
job_48h_23,48,2024-05-17 23:00:00,2024-05-19 23:00:00,258.96,executed_late,264.51,2024-05-19 23:00:00,-5.550000000000011,0.0
job_48h_24,48,2024-10-11 20:00:00,2024-10-13 20:00:00,540.19,executed_late,558.93,2024-10-13 20:00:00,-18.739999999999895,0.0
job_48h_25,48,2024-10-15 14:00:00,2024-10-17 14:00:00,751.23,executed_benefit,567.49,2024-10-15 17:00:00,183.74,45.0
job_48h_26,48,2024-07-30 16:00:00,2024-08-01 16:00:00,369.94,executed_late,511.3,2024-08-01 16:00:00,-141.36,0.0
job_48h_27,48,2024-04-20 14:00:00,2024-04-22 14:00:00,416.38,executed_benefit,342.18,2024-04-20 19:00:00,74.19999999999999,43.0
job_48h_28,48,2024-07-09 05:00:00,2024-07-11 05:00:00,772.11,executed_benefit,504.97,2024-07-09 16:00:00,267.14,37.0
job_48h_29,48,2024-02-27 04:00:00,2024-02-29 04:00:00,482.74,executed_benefit,365.11,2024-02-27 19:00:00,117.63,33.0
job_48h_30,48,2024-06-03 18:00:00,2024-06-05 18:00:00,278.15,executed_late,334.1,2024-06-05 18:00:00,-55.950000000000045,0.0
job_48h_31,48,2024-07-19 05:00:00,2024-07-21 05:00:00,705.47,executed_benefit,545.89,2024-07-19 16:00:00,159.58000000000004,37.0
job_48h_32,48,2024-10-02 08:00:00,2024-10-04 08:00:00,660.58,executed_benefit,424.99,2024-10-02 19:00:00,235.59000000000003,37.0
job_48h_33,48,2024-07-19 12:00:00,2024-07-21 12:00:00,714.77,executed_benefit,545.89,2024-07-19 16:00:00,168.88,44.0
job_48h_34,48,2024-02-12 18:00:00,2024-02-14 18:00:00,346.55,executed_low_CI,346.55,2024-02-12 18:00:00,0.0,48.0
job_48h_35,48,2024-10-29 21:00:00,2024-10-31 21:00:00,493.58,executed_low_CI,418.32,2024-10-31 17:00:00,75.25999999999999,4.0
job_48h_36,48,2024-06-29 07:00:00,2024-07-01 07:00:00,661.5,executed_benefit,456.03,2024-06-29 17:00:00,205.47000000000003,38.0
job_48h_37,48,2024-02-26 04:00:00,2024-02-28 04:00:00,487.86,executed_benefit,420.96,2024-02-26 12:00:00,66.90000000000003,40.0
job_48h_38,48,2024-04-25 06:00:00,2024-04-27 06:00:00,574.64,executed_benefit,339.1,2024-04-25 17:00:00,235.53999999999996,37.0
job_48h_39,48,2024-11-13 14:00:00,2024-11-15 14:00:00,606.51,executed_benefit,439.78,2024-11-13 17:00:00,166.73000000000002,45.0
job_48h_40,48,2024-10-16 18:00:00,2024-10-18 18:00:00,379.13,executed_low_CI,379.13,2024-10-16 18:00:00,0.0,48.0
job_48h_41,48,2024-04-16 19:00:00,2024-04-18 19:00:00,227.45,executed_low_CI,227.45,2024-04-16 19:00:00,0.0,48.0
job_48h_42,48,2024-05-16 10:00:00,2024-05-18 10:00:00,623.13,executed_low_CI,320.89,2024-05-16 17:00:00,302.24,41.0
job_48h_43,48,2024-08-13 13:00:00,2024-08-15 13:00:00,615.68,executed_low_CI,389.16,2024-08-13 16:00:00,226.51999999999992,45.0
job_48h_44,48,2024-06-16 20:00:00,2024-06-18 20:00:00,359.16,executed_late,387.49,2024-06-18 20:00:00,-28.329999999999984,0.0
job_48h_45,48,2024-09-23 13:00:00,2024-09-25 13:00:00,665.38,executed_benefit,439.41,2024-09-23 16:00:00,225.96999999999997,45.0
job_48h_46,48,2024-02-18 02:00:00,2024-02-20 02:00:00,611.91,executed_low_CI,368.45,2024-02-18 19:00:00,243.45999999999998,31.0
job_48h_47,48,2024-12-22 16:00:00,2024-12-24 16:00:00,521.4,executed_benefit,503.46,2024-12-23 19:00:00,17.939999999999998,21.0
job_48h_48,48,2024-02-05 09:00:00,2024-02-07 09:00:00,648.62,executed_benefit,517.55,2024-02-05 21:00:00,131.07000000000005,36.0
job_48h_49,48,2024-12-12 08:00:00,2024-12-14 08:00:00,555.51,executed_benefit,421.87,2024-12-13 21:00:00,133.64,11.0
job_48h_50,48,2024-01-10 09:00:00,2024-01-12 09:00:00,491.31,executed_low_CI,406.9,2024-01-10 18:00:00,84.41000000000003,39.0
job_48h_51,48,2024-06-22 08:00:00,2024-06-24 08:00:00,673.51,executed_benefit,383.68,2024-06-22 16:00:00,289.83,40.0
job_48h_52,48,2024-06-15 17:00:00,2024-06-17 17:00:00,295.32,executed_low_CI,295.32,2024-06-15 17:00:00,0.0,48.0
job_48h_53,48,2024-12-16 21:00:00,2024-12-18 21:00:00,510.29,executed_benefit,464.38,2024-12-18 11:00:00,45.910000000000025,10.0
job_48h_54,48,2024-02-05 03:00:00,2024-02-07 03:00:00,653.47,executed_benefit,517.55,2024-02-05 21:00:00,135.92000000000007,30.0
job_48h_55,48,2024-02-09 09:00:00,2024-02-11 09:00:00,726.36,executed_benefit,561.53,2024-02-09 19:00:00,164.83000000000004,38.0
job_48h_56,48,2024-12-04 04:00:00,2024-12-06 04:00:00,759.86,executed_benefit,538.53,2024-12-04 18:00:00,221.33000000000004,34.0
job_48h_57,48,2024-06-01 19:00:00,2024-06-03 19:00:00,325.56,executed_low_CI,293.41,2024-06-03 16:00:00,32.14999999999998,3.0
job_48h_58,48,2024-07-28 13:00:00,2024-07-30 13:00:00,446.94,executed_low_CI,330.32,2024-07-28 15:00:00,116.62,46.0
job_48h_59,48,2024-06-01 01:00:00,2024-06-03 01:00:00,525.08,executed_benefit,328.8,2024-06-01 20:00:00,196.28000000000003,29.0
job_48h_60,48,2024-11-25 17:00:00,2024-11-27 17:00:00,548.22,executed_late,639.1,2024-11-27 17:00:00,-90.88,0.0
job_48h_61,48,2024-01-23 12:00:00,2024-01-25 12:00:00,737.09,executed_benefit,656.16,2024-01-23 22:00:00,80.93000000000006,38.0
job_48h_62,48,2024-05-15 17:00:00,2024-05-17 17:00:00,369.77,executed_low_CI,320.89,2024-05-16 17:00:00,48.879999999999995,24.0
job_48h_63,48,2024-05-17 02:00:00,2024-05-19 02:00:00,587.26,executed_low_CI,260.69,2024-05-17 14:00:00,326.57,36.0
job_48h_64,48,2024-03-18 23:00:00,2024-03-20 23:00:00,337.08,executed_low_CI,277.62,2024-03-20 19:00:00,59.45999999999998,4.0
job_48h_65,48,2024-04-01 00:00:00,2024-04-03 00:00:00,437.72,executed_benefit,367.77,2024-04-01 19:00:00,69.95000000000005,29.0
job_48h_66,48,2024-12-27 23:00:00,2024-12-29 23:00:00,536.78,executed_benefit,412.89,2024-12-28 12:00:00,123.88999999999999,35.0
job_48h_67,48,2024-01-29 20:00:00,2024-01-31 20:00:00,490.76,executed_benefit,459.1,2024-01-30 18:00:00,31.659999999999968,26.0
job_48h_68,48,2024-08-29 19:00:00,2024-08-31 19:00:00,427.92,executed_late,509.65,2024-08-31 19:00:00,-81.72999999999996,0.0
job_48h_69,48,2024-05-13 23:00:00,2024-05-15 23:00:00,407.1,executed_low_CI,331.5,2024-05-14 16:00:00,75.60000000000002,31.0
job_48h_70,48,2024-08-28 13:00:00,2024-08-30 13:00:00,446.75,executed_low_CI,350.81,2024-08-28 14:00:00,95.94,47.0
job_48h_71,48,2024-08-07 08:00:00,2024-08-09 08:00:00,747.19,executed_benefit,490.94,2024-08-07 18:00:00,256.25000000000006,38.0
job_48h_72,48,2024-08-20 01:00:00,2024-08-22 01:00:00,631.8,executed_benefit,456.67,2024-08-20 17:00:00,175.12999999999994,32.0
job_48h_73,48,2024-10-04 18:00:00,2024-10-06 18:00:00,427.05,executed_low_CI,416.29,2024-10-04 20:00:00,10.759999999999991,46.0
job_48h_74,48,2024-05-24 21:00:00,2024-05-26 21:00:00,284.9,executed_low_CI,242.27,2024-05-26 16:00:00,42.62999999999997,5.0
job_24h_0,24,2024-02-01 11:00:00,2024-02-02 11:00:00,589.41,executed_late,743.14,2024-02-02 11:00:00,-153.73000000000002,0.0
job_24h_1,24,2024-09-15 21:00:00,2024-09-16 21:00:00,463.81,executed_late,455.62,2024-09-16 21:00:00,8.189999999999998,0.0
job_24h_2,24,2024-08-25 15:00:00,2024-08-26 15:00:00,416.88,executed_late,463.0,2024-08-26 15:00:00,-46.120000000000005,0.0
job_24h_3,24,2024-07-24 00:00:00,2024-07-25 00:00:00,727.14,executed_benefit,539.94,2024-07-24 17:00:00,187.19999999999993,7.0
job_24h_4,24,2024-04-22 15:00:00,2024-04-23 15:00:00,309.66,executed_late,422.02,2024-04-23 15:00:00,-112.35999999999996,0.0
job_24h_5,24,2024-10-05 23:00:00,2024-10-06 23:00:00,583.89,executed_benefit,522.49,2024-10-06 17:00:00,61.39999999999998,6.0
job_24h_6,24,2024-07-07 03:00:00,2024-07-08 03:00:00,637.75,executed_benefit,481.53,2024-07-07 18:00:00,156.22000000000003,9.0
job_24h_7,24,2024-10-17 19:00:00,2024-10-18 19:00:00,472.01,executed_late,542.98,2024-10-18 19:00:00,-70.97000000000003,0.0
job_24h_8,24,2024-10-09 20:00:00,2024-10-10 20:00:00,541.5,executed_late,584.9,2024-10-10 20:00:00,-43.39999999999998,0.0
job_24h_9,24,2024-04-18 15:00:00,2024-04-19 15:00:00,414.31,executed_benefit,351.16,2024-04-18 22:00:00,63.14999999999998,17.0
job_24h_10,24,2024-02-14 11:00:00,2024-02-15 11:00:00,666.01,executed_benefit,425.62,2024-02-14 21:00:00,240.39,14.0
job_24h_11,24,2024-04-03 14:00:00,2024-04-04 14:00:00,376.77,executed_benefit,322.28,2024-04-03 19:00:00,54.49000000000001,19.0
job_24h_12,24,2024-08-12 17:00:00,2024-08-13 17:00:00,445.38,executed_low_CI,389.16,2024-08-13 16:00:00,56.21999999999997,1.0
job_24h_13,24,2024-07-28 13:00:00,2024-07-29 13:00:00,446.94,executed_low_CI,330.32,2024-07-28 15:00:00,116.62,22.0
job_24h_14,24,2024-12-07 20:00:00,2024-12-08 20:00:00,436.33,executed_low_CI,436.33,2024-12-07 20:00:00,0.0,24.0
job_24h_15,24,2024-11-29 07:00:00,2024-11-30 07:00:00,575.7,executed_low_CI,516.15,2024-11-29 16:00:00,59.55000000000007,15.0
job_24h_16,24,2024-12-03 23:00:00,2024-12-04 23:00:00,637.23,executed_benefit,552.41,2024-12-04 19:00:00,84.82000000000005,4.0
job_24h_17,24,2024-10-03 09:00:00,2024-10-04 09:00:00,642.0,executed_benefit,516.44,2024-10-03 17:00:00,125.55999999999995,16.0
job_24h_18,24,2024-04-28 02:00:00,2024-04-29 02:00:00,570.53,executed_benefit,331.24,2024-04-28 15:00:00,239.28999999999996,11.0
job_24h_19,24,2024-07-02 10:00:00,2024-07-03 10:00:00,538.85,executed_benefit,386.6,2024-07-02 17:00:00,152.25,17.0
job_24h_20,24,2024-02-18 18:00:00,2024-02-19 18:00:00,412.42,executed_low_CI,368.45,2024-02-18 19:00:00,43.97000000000003,23.0
job_24h_21,24,2024-09-29 21:00:00,2024-09-30 21:00:00,408.2,executed_late,508.37,2024-09-30 21:00:00,-100.17000000000002,0.0
job_24h_22,24,2024-07-31 20:00:00,2024-08-01 20:00:00,515.38,executed_late,581.5,2024-08-01 20:00:00,-66.12,0.0
job_24h_23,24,2024-10-06 12:00:00,2024-10-07 12:00:00,782.97,executed_benefit,522.49,2024-10-06 17:00:00,260.48,19.0
job_24h_24,24,2024-11-26 22:00:00,2024-11-27 22:00:00,617.84,executed_benefit,601.66,2024-11-27 21:00:00,16.180000000000064,1.0
job_24h_25,24,2024-10-22 10:00:00,2024-10-23 10:00:00,514.71,executed_late,673.47,2024-10-23 10:00:00,-158.76,0.0
job_24h_26,24,2024-04-20 03:00:00,2024-04-21 03:00:00,590.97,executed_benefit,342.18,2024-04-20 19:00:00,248.79000000000002,8.0
job_24h_27,24,2024-02-24 11:00:00,2024-02-25 11:00:00,531.33,executed_low_CI,394.44,2024-02-24 16:00:00,136.89000000000004,19.0
job_24h_28,24,2024-09-15 06:00:00,2024-09-16 06:00:00,731.66,executed_benefit,674.64,2024-09-15 11:00:00,57.01999999999998,19.0
job_24h_29,24,2024-03-29 15:00:00,2024-03-30 15:00:00,555.78,executed_benefit,422.88,2024-03-29 21:00:00,132.89999999999998,18.0
job_24h_30,24,2024-04-07 23:00:00,2024-04-08 23:00:00,357.67,executed_late,442.23,2024-04-08 23:00:00,-84.56,0.0
job_24h_31,24,2024-07-13 18:00:00,2024-07-14 18:00:00,552.03,executed_low_CI,452.72,2024-07-14 17:00:00,99.30999999999995,1.0
job_24h_32,24,2024-08-26 22:00:00,2024-08-27 22:00:00,387.45,executed_late,405.11,2024-08-27 22:00:00,-17.660000000000025,0.0
job_24h_33,24,2024-01-04 08:00:00,2024-01-05 08:00:00,738.78,executed_benefit,591.3,2024-01-04 21:00:00,147.48000000000002,11.0
job_24h_34,24,2024-10-23 18:00:00,2024-10-24 18:00:00,449.85,executed_late,464.11,2024-10-24 18:00:00,-14.259999999999991,0.0
job_24h_35,24,2024-01-21 12:00:00,2024-01-22 12:00:00,547.92,executed_late,660.28,2024-01-22 12:00:00,-112.36000000000001,0.0
job_24h_36,24,2024-10-01 13:00:00,2024-10-02 13:00:00,730.92,executed_benefit,488.49,2024-10-01 18:00:00,242.42999999999995,19.0
job_24h_37,24,2024-05-22 01:00:00,2024-05-23 01:00:00,471.73,executed_low_CI,245.79,2024-05-22 16:00:00,225.94000000000003,9.0
job_24h_38,24,2024-10-09 08:00:00,2024-10-10 08:00:00,756.52,executed_benefit,732.29,2024-10-09 11:00:00,24.230000000000018,21.0
job_24h_39,24,2024-05-09 21:00:00,2024-05-10 21:00:00,319.83,executed_late,565.14,2024-05-10 21:00:00,-245.31,0.0
job_24h_40,24,2024-01-10 14:00:00,2024-01-11 14:00:00,495.32,executed_low_CI,406.9,2024-01-10 18:00:00,88.42000000000002,20.0
job_24h_41,24,2024-05-20 14:00:00,2024-05-21 14:00:00,376.92,executed_late,344.21,2024-05-21 14:00:00,32.710000000000036,0.0
job_24h_42,24,2024-12-12 07:00:00,2024-12-13 07:00:00,565.64,executed_late,690.82,2024-12-13 07:00:00,-125.18000000000006,0.0
job_24h_43,24,2024-07-24 19:00:00,2024-07-25 19:00:00,579.95,executed_low_CI,506.25,2024-07-25 17:00:00,73.70000000000005,2.0
job_24h_44,24,2024-05-26 07:00:00,2024-05-27 07:00:00,384.96,executed_low_CI,242.27,2024-05-26 16:00:00,142.68999999999997,15.0
job_24h_45,24,2024-02-01 00:00:00,2024-02-02 00:00:00,551.47,executed_late,703.51,2024-02-02 00:00:00,-152.03999999999996,0.0
job_24h_46,24,2024-02-08 04:00:00,2024-02-09 04:00:00,534.07,executed_low_CI,452.55,2024-02-08 17:00:00,81.52000000000004,11.0
job_24h_47,24,2024-04-19 14:00:00,2024-04-20 14:00:00,470.63,executed_benefit,372.02,2024-04-19 19:00:00,98.61000000000001,19.0
job_24h_48,24,2024-12-25 02:00:00,2024-12-26 02:00:00,642.3,executed_benefit,513.13,2024-12-25 11:00:00,129.16999999999996,15.0
job_24h_49,24,2024-01-11 16:00:00,2024-01-12 16:00:00,616.91,executed_benefit,488.43,2024-01-11 22:00:00,128.47999999999996,18.0
job_24h_50,24,2024-10-22 04:00:00,2024-10-23 04:00:00,564.82,executed_benefit,477.93,2024-10-22 09:00:00,86.89000000000004,19.0
job_24h_51,24,2024-04-05 18:00:00,2024-04-06 18:00:00,378.23,executed_low_CI,298.02,2024-04-06 17:00:00,80.21000000000004,1.0
job_24h_52,24,2024-03-08 19:00:00,2024-03-09 19:00:00,452.89,executed_low_CI,356.7,2024-03-09 16:00:00,96.19,3.0
job_24h_53,24,2024-01-31 04:00:00,2024-02-01 04:00:00,657.94,executed_benefit,416.52,2024-01-31 18:00:00,241.42000000000007,10.0
job_24h_54,24,2024-10-27 05:00:00,2024-10-28 05:00:00,697.74,executed_benefit,417.17,2024-10-27 21:00:00,280.57,8.0
job_24h_55,24,2024-08-02 14:00:00,2024-08-03 14:00:00,605.69,executed_late,558.29,2024-08-03 14:00:00,47.40000000000009,0.0
job_24h_56,24,2024-02-16 07:00:00,2024-02-17 07:00:00,668.01,executed_benefit,551.2,2024-02-16 19:00:00,116.80999999999995,12.0
job_24h_57,24,2024-02-03 23:00:00,2024-02-04 23:00:00,495.68,executed_late,590.08,2024-02-04 23:00:00,-94.40000000000003,0.0
job_24h_58,24,2024-05-05 11:00:00,2024-05-06 11:00:00,463.92,executed_benefit,314.31,2024-05-05 19:00:00,149.61,16.0
job_24h_59,24,2024-12-15 15:00:00,2024-12-16 15:00:00,501.15,executed_low_CI,395.02,2024-12-15 16:00:00,106.13,23.0
job_24h_60,24,2024-09-08 07:00:00,2024-09-09 07:00:00,774.84,executed_benefit,597.36,2024-09-08 14:00:00,177.48000000000002,17.0
job_24h_61,24,2024-11-25 20:00:00,2024-11-26 20:00:00,586.07,executed_late,556.57,2024-11-26 20:00:00,29.5,0.0
job_24h_62,24,2024-02-20 01:00:00,2024-02-21 01:00:00,531.46,executed_benefit,445.46,2024-02-20 20:00:00,86.00000000000006,5.0
job_24h_63,24,2024-12-17 13:00:00,2024-12-18 13:00:00,564.19,executed_benefit,464.38,2024-12-18 11:00:00,99.81000000000006,2.0
job_24h_64,24,2024-07-11 19:00:00,2024-07-12 19:00:00,546.57,executed_benefit,481.43,2024-07-12 17:00:00,65.14000000000004,2.0
job_24h_65,24,2024-07-14 20:00:00,2024-07-15 20:00:00,506.81,executed_late,552.99,2024-07-15 20:00:00,-46.18000000000001,0.0
job_24h_66,24,2024-09-15 09:00:00,2024-09-16 09:00:00,683.69,executed_benefit,445.44,2024-09-15 19:00:00,238.25000000000006,14.0
job_24h_67,24,2024-10-08 13:00:00,2024-10-09 13:00:00,776.15,executed_benefit,499.12,2024-10-08 17:00:00,277.03,20.0
job_24h_68,24,2024-07-29 11:00:00,2024-07-30 11:00:00,658.06,executed_benefit,368.86,2024-07-29 20:00:00,289.19999999999993,15.0
job_24h_69,24,2024-03-24 09:00:00,2024-03-25 09:00:00,554.61,executed_benefit,392.16,2024-03-24 18:00:00,162.45,15.0
job_24h_70,24,2024-11-29 13:00:00,2024-11-30 13:00:00,664.15,executed_low_CI,516.15,2024-11-29 16:00:00,148.0,21.0
job_24h_71,24,2024-05-31 22:00:00,2024-06-01 22:00:00,423.91,executed_benefit,328.8,2024-06-01 20:00:00,95.11000000000001,2.0
job_24h_72,24,2024-06-29 01:00:00,2024-06-30 01:00:00,460.85,executed_late,505.65,2024-06-30 01:00:00,-44.799999999999955,0.0
job_24h_73,24,2024-12-02 05:00:00,2024-12-03 05:00:00,798.92,executed_benefit,505.94,2024-12-02 19:00:00,292.97999999999996,10.0
job_24h_74,24,2024-04-24 23:00:00,2024-04-25 23:00:00,372.65,executed_late,337.44,2024-04-25 23:00:00,35.20999999999998,0.0
job_12h_0,12,2024-11-01 12:00:00,2024-11-02 00:00:00,613.32,executed_low_CI,413.23,2024-11-01 18:00:00,200.09000000000003,6.0
job_12h_1,12,2024-04-05 02:00:00,2024-04-05 14:00:00,593.58,executed_benefit,514.76,2024-04-05 05:00:00,78.82000000000005,9.0
job_12h_2,12,2024-09-30 09:00:00,2024-09-30 21:00:00,493.48,executed_benefit,438.13,2024-09-30 18:00:00,55.35000000000002,3.0
job_12h_3,12,2024-08-18 08:00:00,2024-08-18 20:00:00,626.21,executed_low_CI,372.81,2024-08-18 14:00:00,253.40000000000003,6.0
job_12h_4,12,2024-11-25 20:00:00,2024-11-26 08:00:00,586.07,executed_late,591.73,2024-11-26 08:00:00,-5.659999999999968,0.0
job_12h_5,12,2024-09-06 16:00:00,2024-09-07 04:00:00,555.75,executed_late,680.08,2024-09-07 04:00:00,-124.33000000000004,0.0
job_12h_6,12,2024-04-12 06:00:00,2024-04-12 18:00:00,586.89,executed_late,332.63,2024-04-12 18:00:00,254.26,0.0
job_12h_7,12,2024-11-29 13:00:00,2024-11-30 01:00:00,664.15,executed_low_CI,516.15,2024-11-29 16:00:00,148.0,9.0
job_12h_8,12,2024-04-26 13:00:00,2024-04-27 01:00:00,473.7,executed_benefit,416.45,2024-04-26 18:00:00,57.25,7.0
job_12h_9,12,2024-10-07 06:00:00,2024-10-07 18:00:00,747.15,executed_benefit,552.77,2024-10-07 16:00:00,194.38,2.0
job_12h_10,12,2024-10-18 10:00:00,2024-10-18 22:00:00,682.42,executed_benefit,663.49,2024-10-18 13:00:00,18.92999999999995,9.0
job_12h_11,12,2024-08-04 13:00:00,2024-08-05 01:00:00,596.75,executed_low_CI,413.23,2024-08-04 15:00:00,183.51999999999998,10.0
job_12h_12,12,2024-11-30 01:00:00,2024-11-30 13:00:00,636.27,executed_late,532.16,2024-11-30 13:00:00,104.11000000000001,0.0
job_12h_13,12,2024-03-26 00:00:00,2024-03-26 12:00:00,520.42,executed_late,664.93,2024-03-26 12:00:00,-144.51,0.0
job_12h_14,12,2024-12-01 05:00:00,2024-12-01 17:00:00,608.1,executed_benefit,577.33,2024-12-01 11:00:00,30.769999999999982,6.0
job_12h_15,12,2024-02-06 22:00:00,2024-02-07 10:00:00,665.83,executed_late,623.78,2024-02-07 10:00:00,42.05000000000007,0.0
job_12h_16,12,2024-03-22 14:00:00,2024-03-23 02:00:00,591.47,executed_benefit,354.56,2024-03-22 18:00:00,236.91000000000003,8.0
job_12h_17,12,2024-09-23 09:00:00,2024-09-23 21:00:00,578.13,executed_benefit,430.93,2024-09-23 19:00:00,147.2,2.0
job_12h_18,12,2024-12-08 08:00:00,2024-12-08 20:00:00,537.25,executed_low_CI,404.17,2024-12-08 16:00:00,133.07999999999998,4.0
job_12h_19,12,2024-08-21 14:00:00,2024-08-22 02:00:00,505.87,executed_benefit,404.76,2024-08-21 18:00:00,101.11000000000001,8.0
job_12h_20,12,2024-04-03 19:00:00,2024-04-04 07:00:00,322.28,executed_late,652.9,2024-04-04 07:00:00,-330.62,0.0
job_12h_21,12,2024-08-25 22:00:00,2024-08-26 10:00:00,474.99,executed_late,662.05,2024-08-26 10:00:00,-187.05999999999995,0.0
job_12h_22,12,2024-11-24 05:00:00,2024-11-24 17:00:00,579.11,executed_late,586.07,2024-11-24 17:00:00,-6.960000000000036,0.0
job_12h_23,12,2024-09-11 19:00:00,2024-09-12 07:00:00,472.76,executed_low_CI,428.0,2024-09-11 22:00:00,44.75999999999999,9.0
job_12h_24,12,2024-04-12 21:00:00,2024-04-13 09:00:00,360.12,executed_late,648.33,2024-04-13 09:00:00,-288.21000000000004,0.0
job_12h_25,12,2024-03-03 10:00:00,2024-03-03 22:00:00,544.22,executed_benefit,334.01,2024-03-03 20:00:00,210.21000000000004,2.0
job_12h_26,12,2024-05-15 00:00:00,2024-05-15 12:00:00,557.32,executed_late,616.18,2024-05-15 12:00:00,-58.8599999999999,0.0
job_12h_27,12,2024-08-03 12:00:00,2024-08-04 00:00:00,749.69,executed_benefit,488.71,2024-08-03 16:00:00,260.9800000000001,8.0
job_12h_28,12,2024-11-12 20:00:00,2024-11-13 08:00:00,455.37,executed_late,571.0,2024-11-13 08:00:00,-115.63,0.0
job_12h_29,12,2024-10-03 17:00:00,2024-10-04 05:00:00,516.44,executed_late,686.91,2024-10-04 05:00:00,-170.4699999999999,0.0
job_12h_30,12,2024-11-28 21:00:00,2024-11-29 09:00:00,535.45,executed_low_CI,535.45,2024-11-28 21:00:00,0.0,12.0
job_12h_31,12,2024-11-30 02:00:00,2024-11-30 14:00:00,631.25,executed_late,554.08,2024-11-30 14:00:00,77.16999999999996,0.0
job_12h_32,12,2024-02-24 04:00:00,2024-02-24 16:00:00,557.95,executed_late,394.44,2024-02-24 16:00:00,163.51000000000005,0.0
job_12h_33,12,2024-08-10 13:00:00,2024-08-11 01:00:00,695.84,executed_benefit,509.05,2024-08-10 19:00:00,186.79000000000002,6.0
job_12h_34,12,2024-05-01 04:00:00,2024-05-01 16:00:00,654.57,executed_benefit,292.03,2024-05-01 15:00:00,362.5400000000001,1.0
job_12h_35,12,2024-02-19 03:00:00,2024-02-19 15:00:00,554.48,executed_late,459.71,2024-02-19 15:00:00,94.77000000000004,0.0
job_12h_36,12,2024-10-27 01:00:00,2024-10-27 13:00:00,707.91,executed_late,606.48,2024-10-27 13:00:00,101.42999999999995,0.0
job_12h_37,12,2024-06-15 20:00:00,2024-06-16 08:00:00,269.16,executed_late,547.87,2024-06-16 08:00:00,-278.71,0.0
job_12h_38,12,2024-08-02 12:00:00,2024-08-03 00:00:00,792.95,executed_benefit,601.31,2024-08-02 17:00:00,191.6400000000001,7.0
job_12h_39,12,2024-05-21 07:00:00,2024-05-21 19:00:00,600.84,executed_benefit,316.35,2024-05-21 15:00:00,284.49,4.0
job_12h_40,12,2024-10-12 04:00:00,2024-10-12 16:00:00,708.86,executed_late,512.68,2024-10-12 16:00:00,196.18000000000006,0.0
job_12h_41,12,2024-05-17 14:00:00,2024-05-18 02:00:00,260.69,executed_low_CI,260.69,2024-05-17 14:00:00,0.0,12.0
job_12h_42,12,2024-05-07 11:00:00,2024-05-07 23:00:00,341.48,executed_low_CI,224.54,2024-05-07 16:00:00,116.94000000000003,7.0
job_12h_43,12,2024-02-07 09:00:00,2024-02-07 21:00:00,654.05,executed_low_CI,461.68,2024-02-07 20:00:00,192.36999999999995,1.0
job_12h_44,12,2024-11-10 20:00:00,2024-11-11 08:00:00,358.9,executed_late,759.48,2024-11-11 08:00:00,-400.58000000000004,0.0
job_12h_45,12,2024-09-20 14:00:00,2024-09-21 02:00:00,527.41,executed_benefit,372.11,2024-09-20 18:00:00,155.29999999999995,8.0
job_12h_46,12,2024-01-13 22:00:00,2024-01-14 10:00:00,682.98,executed_late,794.24,2024-01-14 10:00:00,-111.25999999999999,0.0
job_12h_47,12,2024-11-16 08:00:00,2024-11-16 20:00:00,620.45,executed_late,438.83,2024-11-16 20:00:00,181.62000000000006,0.0
job_12h_48,12,2024-04-22 05:00:00,2024-04-22 17:00:00,514.26,executed_benefit,457.05,2024-04-22 10:00:00,57.20999999999998,7.0
job_12h_49,12,2024-11-12 15:00:00,2024-11-13 03:00:00,634.21,executed_benefit,472.48,2024-11-12 19:00:00,161.73000000000002,8.0
job_12h_50,12,2024-11-13 01:00:00,2024-11-13 13:00:00,589.78,executed_late,596.5,2024-11-13 13:00:00,-6.720000000000027,0.0
job_12h_51,12,2024-10-11 16:00:00,2024-10-12 04:00:00,498.13,executed_low_CI,498.13,2024-10-11 16:00:00,0.0,12.0
job_12h_52,12,2024-06-27 05:00:00,2024-06-27 17:00:00,673.14,executed_benefit,575.93,2024-06-27 11:00:00,97.21000000000004,6.0
job_12h_53,12,2024-10-06 09:00:00,2024-10-06 21:00:00,780.98,executed_benefit,522.49,2024-10-06 17:00:00,258.49,4.0
job_12h_54,12,2024-03-13 21:00:00,2024-03-14 09:00:00,377.2,executed_late,565.63,2024-03-14 09:00:00,-188.43,0.0
job_12h_55,12,2024-08-03 03:00:00,2024-08-03 15:00:00,722.64,executed_late,513.08,2024-08-03 15:00:00,209.55999999999995,0.0
job_12h_56,12,2024-03-09 21:00:00,2024-03-10 09:00:00,308.85,executed_low_CI,308.85,2024-03-09 21:00:00,0.0,12.0
job_12h_57,12,2024-12-12 12:00:00,2024-12-13 00:00:00,590.08,executed_late,688.92,2024-12-13 00:00:00,-98.83999999999992,0.0
job_12h_58,12,2024-04-03 12:00:00,2024-04-04 00:00:00,448.62,executed_benefit,318.13,2024-04-03 17:00:00,130.49,7.0
job_12h_59,12,2024-09-09 02:00:00,2024-09-09 14:00:00,746.78,executed_benefit,637.34,2024-09-09 08:00:00,109.43999999999994,6.0
job_12h_60,12,2024-04-20 01:00:00,2024-04-20 13:00:00,531.5,executed_late,533.58,2024-04-20 13:00:00,-2.080000000000041,0.0
job_12h_61,12,2024-03-14 00:00:00,2024-03-14 12:00:00,464.71,executed_late,557.62,2024-03-14 12:00:00,-92.91000000000003,0.0
job_12h_62,12,2024-11-27 10:00:00,2024-11-27 22:00:00,680.62,executed_benefit,601.66,2024-11-27 21:00:00,78.96000000000004,1.0
job_12h_63,12,2024-02-06 11:00:00,2024-02-06 23:00:00,603.48,executed_late,673.68,2024-02-06 23:00:00,-70.19999999999993,0.0
job_12h_64,12,2024-05-10 16:00:00,2024-05-11 04:00:00,429.48,executed_late,771.79,2024-05-11 04:00:00,-342.30999999999995,0.0
job_12h_65,12,2024-08-25 03:00:00,2024-08-25 15:00:00,582.87,executed_benefit,558.71,2024-08-25 08:00:00,24.159999999999968,7.0
job_12h_66,12,2024-06-01 01:00:00,2024-06-01 13:00:00,525.08,executed_late,524.48,2024-06-01 13:00:00,0.6000000000000227,0.0
job_12h_67,12,2024-02-11 07:00:00,2024-02-11 19:00:00,648.54,executed_benefit,601.84,2024-02-11 14:00:00,46.69999999999993,5.0
job_12h_68,12,2024-07-25 12:00:00,2024-07-26 00:00:00,742.84,executed_benefit,543.25,2024-07-25 15:00:00,199.59000000000003,9.0
job_12h_69,12,2024-09-13 01:00:00,2024-09-13 13:00:00,420.43,executed_late,558.79,2024-09-13 13:00:00,-138.35999999999996,0.0
job_12h_70,12,2024-11-06 05:00:00,2024-11-06 17:00:00,725.28,executed_benefit,653.74,2024-11-06 09:00:00,71.53999999999996,8.0
job_12h_71,12,2024-12-20 13:00:00,2024-12-21 01:00:00,600.99,executed_benefit,421.27,2024-12-20 18:00:00,179.72000000000003,7.0
job_12h_72,12,2024-10-19 20:00:00,2024-10-20 08:00:00,430.53,executed_late,700.87,2024-10-20 08:00:00,-270.34000000000003,0.0
job_12h_73,12,2024-08-14 06:00:00,2024-08-14 18:00:00,643.91,executed_benefit,570.58,2024-08-14 12:00:00,73.32999999999993,6.0
job_12h_74,12,2024-03-22 11:00:00,2024-03-22 23:00:00,662.6,executed_benefit,346.44,2024-03-22 17:00:00,316.16,6.0
job_6h_0,6,2024-10-04 17:00:00,2024-10-04 23:00:00,430.48,executed_low_CI,416.29,2024-10-04 20:00:00,14.189999999999998,3.0
job_6h_1,6,2024-12-18 17:00:00,2024-12-18 23:00:00,334.24,executed_low_CI,313.31,2024-12-18 19:00:00,20.930000000000007,4.0
job_6h_2,6,2024-09-13 18:00:00,2024-09-14 00:00:00,350.95,executed_late,606.49,2024-09-14 00:00:00,-255.54000000000002,0.0
job_6h_3,6,2024-08-11 09:00:00,2024-08-11 15:00:00,628.68,executed_late,409.13,2024-08-11 15:00:00,219.54999999999995,0.0
job_6h_4,6,2024-02-09 10:00:00,2024-02-09 16:00:00,735.55,executed_late,674.58,2024-02-09 16:00:00,60.969999999999914,0.0
job_6h_5,6,2024-08-28 19:00:00,2024-08-29 01:00:00,282.64,executed_late,522.98,2024-08-29 01:00:00,-240.34000000000003,0.0
job_6h_6,6,2024-11-02 18:00:00,2024-11-03 00:00:00,524.81,executed_late,712.3,2024-11-03 00:00:00,-187.49,0.0
job_6h_7,6,2024-02-16 23:00:00,2024-02-17 05:00:00,627.84,executed_late,678.8,2024-02-17 05:00:00,-50.95999999999992,0.0
job_6h_8,6,2024-11-30 23:00:00,2024-12-01 05:00:00,603.52,executed_late,608.1,2024-12-01 05:00:00,-4.580000000000041,0.0
job_6h_9,6,2024-05-30 23:00:00,2024-05-31 05:00:00,356.61,executed_late,617.37,2024-05-31 05:00:00,-260.76,0.0
job_6h_10,6,2024-12-08 03:00:00,2024-12-08 09:00:00,548.9,executed_late,500.94,2024-12-08 09:00:00,47.95999999999998,0.0
job_6h_11,6,2024-12-24 21:00:00,2024-12-25 03:00:00,583.44,executed_late,651.44,2024-12-25 03:00:00,-68.0,0.0
job_6h_12,6,2024-05-08 20:00:00,2024-05-09 02:00:00,291.97,executed_late,581.77,2024-05-09 02:00:00,-289.79999999999995,0.0
job_6h_13,6,2024-04-14 14:00:00,2024-04-14 20:00:00,420.8,executed_benefit,337.99,2024-04-14 18:00:00,82.81,2.0
job_6h_14,6,2024-09-02 03:00:00,2024-09-02 09:00:00,570.69,executed_late,659.82,2024-09-02 09:00:00,-89.13,0.0
job_6h_15,6,2024-09-09 13:00:00,2024-09-09 19:00:00,595.0,executed_low_CI,451.51,2024-09-09 15:00:00,143.49,4.0
job_6h_16,6,2024-01-12 20:00:00,2024-01-13 02:00:00,478.96,executed_late,669.27,2024-01-13 02:00:00,-190.31,0.0
job_6h_17,6,2024-07-24 06:00:00,2024-07-24 12:00:00,730.9,executed_late,740.55,2024-07-24 12:00:00,-9.649999999999977,0.0
job_6h_18,6,2024-05-21 18:00:00,2024-05-22 00:00:00,300.82,executed_late,335.73,2024-05-22 00:00:00,-34.910000000000025,0.0
job_6h_19,6,2024-08-14 23:00:00,2024-08-15 05:00:00,455.14,executed_late,711.3,2024-08-15 05:00:00,-256.15999999999997,0.0
job_6h_20,6,2024-10-03 04:00:00,2024-10-03 10:00:00,546.37,executed_late,665.77,2024-10-03 10:00:00,-119.39999999999998,0.0
job_6h_21,6,2024-09-06 16:00:00,2024-09-06 22:00:00,555.75,executed_late,643.71,2024-09-06 22:00:00,-87.96000000000004,0.0
job_6h_22,6,2024-02-17 14:00:00,2024-02-17 20:00:00,654.88,executed_late,467.04,2024-02-17 20:00:00,187.83999999999997,0.0
job_6h_23,6,2024-04-28 00:00:00,2024-04-28 06:00:00,382.84,executed_late,568.62,2024-04-28 06:00:00,-185.78000000000003,0.0
job_6h_24,6,2024-05-10 23:00:00,2024-05-11 05:00:00,598.6,executed_late,775.36,2024-05-11 05:00:00,-176.76,0.0
job_6h_25,6,2024-06-01 03:00:00,2024-06-01 09:00:00,671.54,executed_benefit,569.33,2024-06-01 08:00:00,102.20999999999992,1.0
job_6h_26,6,2024-03-20 21:00:00,2024-03-21 03:00:00,277.95,executed_late,610.83,2024-03-21 03:00:00,-332.88000000000005,0.0
job_6h_27,6,2024-09-01 15:00:00,2024-09-01 21:00:00,400.03,executed_low_CI,400.03,2024-09-01 15:00:00,0.0,6.0
job_6h_28,6,2024-06-12 00:00:00,2024-06-12 06:00:00,440.63,executed_late,520.88,2024-06-12 06:00:00,-80.25,0.0
job_6h_29,6,2024-11-30 23:00:00,2024-12-01 05:00:00,603.52,executed_late,608.1,2024-12-01 05:00:00,-4.580000000000041,0.0
job_6h_30,6,2024-05-17 03:00:00,2024-05-17 09:00:00,623.47,executed_late,472.14,2024-05-17 09:00:00,151.33000000000004,0.0
job_6h_31,6,2024-12-12 18:00:00,2024-12-13 00:00:00,556.48,executed_late,688.92,2024-12-13 00:00:00,-132.43999999999994,0.0
job_6h_32,6,2024-10-09 22:00:00,2024-10-10 04:00:00,563.88,executed_late,758.56,2024-10-10 04:00:00,-194.67999999999995,0.0
job_6h_33,6,2024-10-10 12:00:00,2024-10-10 18:00:00,729.31,executed_benefit,529.23,2024-10-10 17:00:00,200.07999999999993,1.0
job_6h_34,6,2024-02-02 00:00:00,2024-02-02 06:00:00,703.51,executed_late,736.66,2024-02-02 06:00:00,-33.14999999999998,0.0
job_6h_35,6,2024-05-21 22:00:00,2024-05-22 04:00:00,298.48,executed_late,532.66,2024-05-22 04:00:00,-234.17999999999995,0.0
job_6h_36,6,2024-08-14 03:00:00,2024-08-14 09:00:00,584.5,executed_late,592.79,2024-08-14 09:00:00,-8.289999999999964,0.0
job_6h_37,6,2024-10-14 19:00:00,2024-10-15 01:00:00,544.33,executed_late,807.33,2024-10-15 01:00:00,-263.0,0.0
job_6h_38,6,2024-06-22 08:00:00,2024-06-22 14:00:00,673.51,executed_benefit,606.52,2024-06-22 12:00:00,66.99000000000001,2.0
job_6h_39,6,2024-12-17 03:00:00,2024-12-17 09:00:00,731.12,executed_late,508.76,2024-12-17 09:00:00,222.36,0.0
job_6h_40,6,2024-12-13 05:00:00,2024-12-13 11:00:00,679.17,executed_late,723.13,2024-12-13 11:00:00,-43.960000000000036,0.0
job_6h_41,6,2024-12-12 08:00:00,2024-12-12 14:00:00,555.51,executed_late,647.21,2024-12-12 14:00:00,-91.70000000000005,0.0
job_6h_42,6,2024-07-06 11:00:00,2024-07-06 17:00:00,669.7,executed_late,410.97,2024-07-06 17:00:00,258.73,0.0
job_6h_43,6,2024-11-07 16:00:00,2024-11-07 22:00:00,546.95,executed_benefit,481.62,2024-11-07 19:00:00,65.33000000000004,3.0
job_6h_44,6,2024-07-20 00:00:00,2024-07-20 06:00:00,634.84,executed_late,757.5,2024-07-20 06:00:00,-122.65999999999997,0.0
job_6h_45,6,2024-02-16 21:00:00,2024-02-17 03:00:00,554.22,executed_late,698.49,2024-02-17 03:00:00,-144.26999999999998,0.0
job_6h_46,6,2024-08-13 10:00:00,2024-08-13 16:00:00,660.14,executed_late,389.16,2024-08-13 16:00:00,270.97999999999996,0.0
job_6h_47,6,2024-01-02 18:00:00,2024-01-03 00:00:00,565.81,executed_low_CI,476.04,2024-01-02 21:00:00,89.76999999999992,3.0
job_6h_48,6,2024-06-08 12:00:00,2024-06-08 18:00:00,565.2,executed_late,353.34,2024-06-08 18:00:00,211.86000000000007,0.0
job_6h_49,6,2024-04-21 17:00:00,2024-04-21 23:00:00,249.7,executed_low_CI,249.7,2024-04-21 17:00:00,0.0,6.0
job_6h_50,6,2024-07-20 18:00:00,2024-07-21 00:00:00,577.92,executed_late,663.82,2024-07-21 00:00:00,-85.90000000000009,0.0
job_6h_51,6,2024-04-06 06:00:00,2024-04-06 12:00:00,586.23,executed_benefit,487.01,2024-04-06 11:00:00,99.22000000000003,1.0
job_6h_52,6,2024-07-31 19:00:00,2024-08-01 01:00:00,485.08,executed_late,661.53,2024-08-01 01:00:00,-176.45,0.0
job_6h_53,6,2024-06-21 16:00:00,2024-06-21 22:00:00,451.29,executed_late,482.2,2024-06-21 22:00:00,-30.909999999999968,0.0
job_6h_54,6,2024-06-18 23:00:00,2024-06-19 05:00:00,401.96,executed_late,649.07,2024-06-19 05:00:00,-247.11000000000007,0.0
job_6h_55,6,2024-08-12 13:00:00,2024-08-12 19:00:00,640.62,executed_benefit,445.38,2024-08-12 17:00:00,195.24,2.0
job_6h_56,6,2024-08-29 04:00:00,2024-08-29 10:00:00,597.42,executed_late,658.06,2024-08-29 10:00:00,-60.639999999999986,0.0
job_6h_57,6,2024-01-24 00:00:00,2024-01-24 06:00:00,715.21,executed_late,747.31,2024-01-24 06:00:00,-32.09999999999991,0.0
job_6h_58,6,2024-06-15 06:00:00,2024-06-15 12:00:00,651.04,executed_late,491.41,2024-06-15 12:00:00,159.62999999999994,0.0
job_6h_59,6,2024-11-01 08:00:00,2024-11-01 14:00:00,574.55,executed_late,591.98,2024-11-01 14:00:00,-17.430000000000064,0.0
job_6h_60,6,2024-11-01 13:00:00,2024-11-01 19:00:00,610.8,executed_low_CI,413.23,2024-11-01 18:00:00,197.56999999999994,1.0
job_6h_61,6,2024-11-13 08:00:00,2024-11-13 14:00:00,571.0,executed_late,606.51,2024-11-13 14:00:00,-35.50999999999999,0.0
job_6h_62,6,2024-01-29 05:00:00,2024-01-29 11:00:00,549.84,executed_late,601.22,2024-01-29 11:00:00,-51.379999999999995,0.0
job_6h_63,6,2024-03-25 06:00:00,2024-03-25 12:00:00,534.45,executed_late,582.73,2024-03-25 12:00:00,-48.27999999999997,0.0
job_6h_64,6,2024-10-31 18:00:00,2024-11-01 00:00:00,423.32,executed_low_CI,417.91,2024-10-31 20:00:00,5.409999999999968,4.0
job_6h_65,6,2024-07-28 17:00:00,2024-07-28 23:00:00,334.03,executed_late,416.42,2024-07-28 23:00:00,-82.39000000000004,0.0
job_6h_66,6,2024-03-06 20:00:00,2024-03-07 02:00:00,448.41,executed_late,674.88,2024-03-07 02:00:00,-226.46999999999997,0.0
job_6h_67,6,2024-04-13 16:00:00,2024-04-13 22:00:00,303.83,executed_low_CI,303.83,2024-04-13 16:00:00,0.0,6.0
job_6h_68,6,2024-02-01 09:00:00,2024-02-01 15:00:00,557.12,executed_late,583.25,2024-02-01 15:00:00,-26.129999999999995,0.0
job_6h_69,6,2024-10-17 14:00:00,2024-10-17 20:00:00,517.56,executed_benefit,435.96,2024-10-17 18:00:00,81.59999999999997,2.0
job_6h_70,6,2024-05-05 08:00:00,2024-05-05 14:00:00,426.97,executed_late,375.75,2024-05-05 14:00:00,51.22000000000003,0.0
job_6h_71,6,2024-11-10 09:00:00,2024-11-10 15:00:00,505.15,executed_late,439.49,2024-11-10 15:00:00,65.65999999999997,0.0
job_6h_72,6,2024-01-15 07:00:00,2024-01-15 13:00:00,717.65,executed_late,690.7,2024-01-15 13:00:00,26.949999999999932,0.0
job_6h_73,6,2024-10-29 15:00:00,2024-10-29 21:00:00,655.43,executed_late,493.58,2024-10-29 21:00:00,161.84999999999997,0.0
job_6h_74,6,2024-07-12 18:00:00,2024-07-13 00:00:00,481.07,executed_late,637.42,2024-07-13 00:00:00,-156.34999999999997,0.0
